{
  "AAVE": 0.08000000,
  "ALG": 135.00000000,
  "AMLT": 530.00000000,
  "BAT":   35.00000000,
  "BCC":	0.00100000,
  "BCP":  360.00000000,
  "BOB": 4500.00000000,
  "BSV":	0.00300000,
  "BTC":	0.00050000,
  "BTG":	0.00100000,
  "CHZ":	0.00000010,
  "COMP":	0.07000000,
  "DAI":	30.00000000,
  "DASH":	0.00100000,
  "DOT":	0.10000000,
  "ENJ":	0.00000010,
  "EOS":	0.10000000,
  "ETH":	0.01000000,
  "EXY":	520.00000000,
  "GAME":	170.00000000,
  "GGC":	 33.00000000,
  "GNT":	100.00000000,
  "GRT":	35.00000000,
  "LINK":	0.90000000,
  "LML":	800.00000000,
  "LSK":	0.30000000,
  "LTC":	0.00100000,
  "LUNA":	0.02000000,
  "MANA":	30.00000000,
  "MATIC":	0.00000010,
  "MKR":	0.00800000,
  "NEU":	130.00000000,
  "NPXS":	12000.00000000,
  "OMG":	4.00000000,
  "PAY":	380.00000000,
  "QARK":	120.00000000,
  "REP":	1.00000000,
  "SRN":	2500.00000000,
  "SUSHI":	2.50000000,
  "TRX":	1.000000,
  "UNI":	1.00000000,
  "USDC":   30.000000,
  "USDT":	35.00000000,
  "XBX":	2200.00000000,
  "XIN":	5.00000000,
  "XLM":	0.0050000,
  "XRP":	0.100000,
  "XTZ":	0.100000,
  "ZEC":	0.00400000,
  "ZRX":	28.00000000
}